"id","channel","campaign","placement","final_url","purpose","status","where_owner_pastes"
"gbp_home","Google Business Profile","gbp","Business profile → website field","https://sparkling-standard.com/?utm_source=google&utm_medium=organic&utm_campaign=gbp","Identify visits that start from the Google Business Profile listing.","PENDING","Google Business Profile → Edit profile → Contact → Website. Only after the GBP listing exists."
"gbp_estimate","Google Business Profile","gbp","Business profile → appointment link","https://sparkling-standard.com/estimate/?utm_source=google&utm_medium=organic&utm_campaign=gbp&utm_content=estimate","Attribute GBP appointment-link clicks that go straight to the estimate flow.","PENDING","Google Business Profile → Bookings/Appointment link (or the contact link if appointments are not enabled)."
"facebook_profile","Facebook","profile","Page website field","https://sparkling-standard.com/?utm_source=facebook&utm_medium=organic_social&utm_campaign=profile","Attribute Facebook page visitors arriving through the website link.","ACTIVE","Facebook Page → About → Website."
"facebook_recurring","Facebook","recurring","Recurring-cleaning community posts","https://sparkling-standard.com/recurring-cleaning/?utm_source=facebook&utm_medium=organic_social&utm_campaign=recurring&utm_content=community_post","Track recurring-cleaning interest from neighborhood and community group posts.","ACTIVE","Facebook post links when promoting weekly/biweekly cleaning."
"instagram_profile","Instagram","profile","Bio link","https://sparkling-standard.com/?utm_source=instagram&utm_medium=organic_social&utm_campaign=profile","Attribute Instagram bio-link traffic.","PENDING","Instagram → Edit profile → Website."
"instagram_estimate","Instagram","profile","Story / link sticker when pushing estimates","https://sparkling-standard.com/estimate/?utm_source=instagram&utm_medium=organic_social&utm_campaign=profile&utm_content=story_estimate","Track estimate starts from Instagram stories.","PENDING","Instagram story link sticker when highlighting the instant estimate."
"tiktok_profile","TikTok","profile","Bio link","https://sparkling-standard.com/?utm_source=tiktok&utm_medium=organic_social&utm_campaign=profile","Attribute TikTok bio-link traffic.","ACTIVE","TikTok → Edit profile → Website."
"youtube_profile","YouTube","profile","Channel links","https://sparkling-standard.com/?utm_source=youtube&utm_medium=organic_social&utm_campaign=profile","Attribute YouTube channel description traffic.","PENDING","YouTube channel → Links."
"nextdoor_profile","Nextdoor","profile","Business page website field","https://sparkling-standard.com/?utm_source=nextdoor&utm_medium=organic_social&utm_campaign=profile","Attribute Nextdoor neighborhood traffic.","ACTIVE","Nextdoor business page → Website."
"linkedin_profile","LinkedIn","profile","Company page website field","https://sparkling-standard.com/commercial-cleaning/?utm_source=linkedin&utm_medium=organic_social&utm_campaign=profile&utm_content=commercial","Attribute commercial enquiries arriving from LinkedIn.","PENDING","LinkedIn company page → Website (secondary channel — commercial relationships only)."
"bing_places_profile","Bing Places","profile","Business listing website field","https://sparkling-standard.com/?utm_source=bing&utm_medium=organic&utm_campaign=profile","Attribute Bing local-listing visitors.","PENDING","Bing Places dashboard → Website. Only after the listing is verified."
"yelp_profile","Yelp","profile","Business page website field","https://sparkling-standard.com/?utm_source=yelp&utm_medium=organic&utm_campaign=profile","Attribute Yelp business-page visitors.","PENDING","Yelp for Business → Business information → Website."
"pinterest_profile","Pinterest","profile","Profile website field","https://sparkling-standard.com/?utm_source=pinterest&utm_medium=organic_social&utm_campaign=profile","Attribute Pinterest profile visitors.","ACTIVE","Pinterest business profile → Claim → Website."
"rumble_profile","Rumble","profile","Channel about link","https://sparkling-standard.com/?utm_source=rumble&utm_medium=organic_social&utm_campaign=profile","Attribute Rumble channel visitors.","ACTIVE","Rumble channel → About → Website."
"gab_profile","Gab","profile","Profile website field","https://sparkling-standard.com/?utm_source=gab&utm_medium=organic_social&utm_campaign=profile","Attribute Gab profile visitors.","ACTIVE","Gab profile → Website."
"parler_profile","Parler","profile","Profile website field","https://sparkling-standard.com/?utm_source=parler&utm_medium=organic_social&utm_campaign=profile","Attribute Parler profile visitors.","ACTIVE","Parler profile → Website."
"locals_profile","Locals","profile","Profile website field","https://sparkling-standard.com/?utm_source=locals&utm_medium=organic_social&utm_campaign=profile","Attribute Locals profile visitors.","ACTIVE","Locals profile → Website."
"x_profile","X","profile","Profile bio link","https://sparkling-standard.com/?utm_source=x&utm_medium=organic_social&utm_campaign=profile","Attribute X profile visitors.","PENDING","X profile → Edit profile → Website."
"threads_profile","Threads","profile","Bio link","https://sparkling-standard.com/?utm_source=threads&utm_medium=organic_social&utm_campaign=profile","Attribute Threads bio-link visitors.","PENDING","Threads profile → Edit profile → Link."
"alignable_profile","Alignable","profile","Business profile website field","https://sparkling-standard.com/commercial-cleaning/?utm_source=alignable&utm_medium=organic_social&utm_campaign=profile&utm_content=commercial","Attribute local-business-network commercial enquiries.","PENDING","Alignable business profile → Website."
"reddit_local","Reddit","community","Local subreddit participation","https://sparkling-standard.com/?utm_source=reddit&utm_medium=organic_social&utm_campaign=community&utm_content=local_thread","Attribute visits from genuine local subreddit participation (follow each community’s self-promotion rules).","PENDING","Local subreddit comments/posts where sharing the site is appropriate and allowed."
"email_signature_estimate","Email","signature","Email signature","https://sparkling-standard.com/estimate/?utm_source=email&utm_medium=email&utm_campaign=signature&utm_content=estimate","Track estimate starts from the owner’s email signature link.","ACTIVE","Email signature → “Get an instant estimate” link."
"sms_followup_estimate","SMS","followup","Text-message follow-up template","https://sparkling-standard.com/estimate/?utm_source=sms&utm_medium=sms&utm_campaign=followup&utm_content=estimate","Track estimate starts from follow-up texts about a quote.","ACTIVE","Saved text-message template used after phone enquiries."
"realtor_moveout","Realtor outreach","moveout","Realtor packet / card","https://sparkling-standard.com/move-in-move-out-cleaning/?utm_source=realtor&utm_medium=outreach&utm_campaign=moveout&utm_content=packet","Track move-out cleaning enquiries from realtor outreach.","ACTIVE","Realtor packet QR + linked URL on the move-out card."
"property_manager_commercial","Property-manager outreach","commercial_pm","Property-manager packet","https://sparkling-standard.com/commercial-cleaning/?utm_source=property_manager&utm_medium=outreach&utm_campaign=commercial_pm&utm_content=packet","Track property-manager commercial enquiries (common areas, turnovers, portfolios).","ACTIVE","Property-manager packet QR + cover letter."
"apartment_turnover","Apartment outreach","apartment_turnover","Apartment community packet","https://sparkling-standard.com/move-in-move-out-cleaning/?utm_source=apartment&utm_medium=outreach&utm_campaign=apartment_turnover&utm_content=packet","Track apartment turnover and common-area cleaning enquiries.","ACTIVE","Apartment community manager packet QR."
"str_host_turnover","Airbnb / STR host outreach","str_turnover","STR host packet / saved message","https://sparkling-standard.com/short-term-rental-cleaning/?utm_source=str_host&utm_medium=outreach&utm_campaign=str_turnover&utm_content=packet","Track short-term-rental host turnover enquiries.","ACTIVE","Airbnb/VRBO host packet QR + saved outreach message."
"commercial_walkthrough","Commercial outreach","commercial_walkthrough","Commercial walkthrough request","https://sparkling-standard.com/commercial-cleaning/?utm_source=commercial&utm_medium=outreach&utm_campaign=commercial_walkthrough&utm_content=packet","Track commercial walkthrough requests from business outreach.","ACTIVE","Commercial packet QR + email template link."
"church_outreach","Church outreach","church_walkthrough","Church outreach card / packet","https://sparkling-standard.com/church-cleaning/?utm_source=church&utm_medium=outreach&utm_campaign=church_walkthrough&utm_content=card","Track church cleaning walkthrough requests.","ACTIVE","Church outreach card + packet QR."
"business_card_estimate","Print material","business_card","Business card QR","https://sparkling-standard.com/estimate/?utm_source=business_card&utm_medium=print&utm_campaign=business_card&utm_content=qr","Track estimate flow scans from business cards.","ACTIVE","Print on every business card (see public/marketing/qr/business-card.svg)."
"business_card_home","Print material","business_card","Business card website line","https://sparkling-standard.com/?utm_source=business_card&utm_medium=print&utm_campaign=business_card&utm_content=website_line","Track typed card visits.","ACTIVE","Business card printed website line (tracked short URL of this link)."
"door_hanger_recurring","Print material","door_hanger","Door hanger QR","https://sparkling-standard.com/recurring-cleaning/?utm_source=door_hanger&utm_medium=print&utm_campaign=door_hanger&utm_content=recurring","Track recurring-cleaning interest from door hangers.","ACTIVE","Door hanger artwork QR (regenerate QR after final domain)."
"flyer_moveout","Print material","flyer","Flyer QR","https://sparkling-standard.com/move-in-move-out-cleaning/?utm_source=flyer&utm_medium=print&utm_campaign=flyer&utm_content=moveout","Track move-out cleaning interest from flyers.","ACTIVE","Flyer artwork QR (regenerate QR after final domain)."
"vehicle_qr","Vehicle graphics","vehicle","Vehicle graphics QR","https://sparkling-standard.com/estimate/?utm_source=vehicle&utm_medium=print&utm_campaign=vehicle&utm_content=qr","Track scans from vehicle graphics.","ACTIVE","Vehicle decal QR panel."
"referral_card_qr","Referral card","referral","Referral card QR","https://sparkling-standard.com/estimate/?utm_source=referral&utm_medium=referral&utm_campaign=referral&utm_content=qr","Track referral-card scans (referral program details are configured separately; no discounts are promised until approved).","ACTIVE","Referral card QR — hand to happy customers after service."
"yard_sign_estimate","Yard sign","yard_sign","Yard sign QR","https://sparkling-standard.com/estimate/?utm_source=yard_sign&utm_medium=print&utm_campaign=yard_sign&utm_content=qr","Track scans from yard signs placed at active job sites (only with customer permission).","ACTIVE","Yard sign QR — only where the customer approves signage."
"quarter_sheet_recurring","Print material","quarter_sheet","Quarter-sheet QR","https://sparkling-standard.com/recurring-cleaning/?utm_source=quarter_sheet&utm_medium=print&utm_campaign=neighborhood&utm_content=qr","Track recurring-cleaning interest from quarter-sheet handouts.","ACTIVE","Quarter-sheet artwork QR (see the field-acquisition print system)."
"qr_card_estimate","Print material","qr_card","QR estimate card","https://sparkling-standard.com/estimate/?utm_source=qr_card&utm_medium=print&utm_campaign=estimate_card&utm_content=qr","Track estimate-flow scans from the stand-alone QR estimate card.","ACTIVE","QR estimate card artwork (see the field-acquisition print system)."
"event_poster_estimate","Print material","community_event","Event poster QR","https://sparkling-standard.com/estimate/?utm_source=event_poster&utm_medium=print&utm_campaign=community_event&utm_content=qr","Track estimate scans from event posters.","ACTIVE","Event poster artwork (see the field-acquisition print system)."
"foam_board_estimate","Print material","community_event","Foam board QR","https://sparkling-standard.com/estimate/?utm_source=foam_board&utm_medium=print&utm_campaign=community_event&utm_content=qr","Track estimate scans from foam-board displays at events.","ACTIVE","Foam-board artwork (see the field-acquisition print system)."
"community_leave_behind","Print material","community","Community leave-behind QR","https://sparkling-standard.com/estimate/?utm_source=community_leave_behind&utm_medium=print&utm_campaign=community&utm_content=qr","Track estimate scans from community outreach leave-behinds.","ACTIVE","Community leave-behind card artwork (see the field-acquisition print system)."
"gbp_deep_clean","Google Business Profile","deep_clean","GBP post link","https://sparkling-standard.com/deep-cleaning/?utm_source=google&utm_medium=organic&utm_campaign=deep_clean&utm_content=gbp_post","Track deep-clean interest from GBP posts.","PENDING","Google Business Profile → Add update (Post) link."
"instagram_before_after","Instagram","proof","Before/after post link","https://sparkling-standard.com/deep-cleaning/?utm_source=instagram&utm_medium=organic_social&utm_campaign=proof&utm_content=before_after","Track profile visits converting from before/after content.","PENDING","Instagram posts with before/after proof (link in bio when pushing this campaign)."
"tiktok_detail_video","TikTok","proof","Detail-video bio link","https://sparkling-standard.com/house-cleaning/?utm_source=tiktok&utm_medium=organic_social&utm_campaign=proof&utm_content=detail_video","Track house-cleaning interest from detail demonstration videos.","PENDING","TikTok bio link while a detail-video campaign runs."
"nextdoor_recommendation","Nextdoor","neighborhood","Neighborhood post link","https://sparkling-standard.com/house-cleaning/?utm_source=nextdoor&utm_medium=organic_social&utm_campaign=neighborhood&utm_content=post","Track neighborhood recommendation-post traffic.","ACTIVE","Nextdoor posts and replies (link in the post body)."
"pinterest_recurring","Pinterest","recurring","Recurring-cleaning pin","https://sparkling-standard.com/recurring-cleaning/?utm_source=pinterest&utm_medium=organic_social&utm_campaign=recurring&utm_content=pin","Track recurring-cleaning interest from pinned checklists and tips.","PENDING","Pinterest pin source URL while the recurring campaign runs (link field)."
"x_recurring","X","recurring","Recurring-cleaning post","https://sparkling-standard.com/recurring-cleaning/?utm_source=x&utm_medium=organic_social&utm_campaign=recurring&utm_content=post","Track recurring-cleaning interest from X posts.","PENDING","X posts that mention weekly/biweekly availability."
"rumble_video","Rumble","proof","Video description link","https://sparkling-standard.com/house-cleaning/?utm_source=rumble&utm_medium=organic_social&utm_campaign=proof&utm_content=video_description","Track house-cleaning interest from Rumble video descriptions.","PENDING","Rumble video description while the detail-video campaign runs."
"youtube_detail_video","YouTube","proof","Video description link","https://sparkling-standard.com/house-cleaning/?utm_source=youtube&utm_medium=organic_social&utm_campaign=proof&utm_content=detail_video","Track house-cleaning interest from YouTube video descriptions.","PENDING","YouTube video description while the detail-video campaign runs."
"facebook_gift","Facebook","gift_certificate","Gift-certificate posts","https://sparkling-standard.com/gift-certificates/?utm_source=facebook&utm_medium=organic_social&utm_campaign=gift_certificate&utm_content=post","Track gift-certificate interest from Facebook posts.","ACTIVE","Facebook posts when promoting gift certificates (holidays, housewarmings, new parents)."
"nextdoor_gift","Nextdoor","gift_certificate","Neighborhood gift posts","https://sparkling-standard.com/gift-certificates/?utm_source=nextdoor&utm_medium=organic_social&utm_campaign=gift_certificate&utm_content=post","Track gift-certificate interest from Nextdoor neighborhood posts.","ACTIVE","Nextdoor posts around gift-giving seasons."
"email_signature_gift","Email","signature","Email signature (gift link)","https://sparkling-standard.com/gift-certificates/?utm_source=email&utm_medium=email&utm_campaign=signature&utm_content=gift","Track gift-certificate interest from the owner’s email signature.","ACTIVE","Email signature → “Gift certificates” link (alongside the estimate link)."
"gbp_gift_post","Google Business Profile","gift_certificate","Business profile post","https://sparkling-standard.com/gift-certificates/?utm_source=google&utm_medium=organic&utm_campaign=gift_certificate&utm_content=post","Track gift-certificate interest from Google Business Profile posts.","PENDING","Google Business Profile → Add update, once the profile is verified and visible."
"instagram_gift","Instagram","gift_certificate","Gift-certificate post / story","https://sparkling-standard.com/gift-certificates/?utm_source=instagram&utm_medium=organic_social&utm_campaign=gift_certificate&utm_content=post","Track gift-certificate interest from Instagram.","PENDING","Instagram post or story link sticker when promoting gifting."
"x_gift","X","gift_certificate","Gift-certificate post","https://sparkling-standard.com/gift-certificates/?utm_source=x&utm_medium=organic_social&utm_campaign=gift_certificate&utm_content=post","Track gift-certificate interest from X.","PENDING","X posts promoting gift certificates."
"gift_card_print","Print material","gift_certificate","Printed gift card / certificate holder","https://sparkling-standard.com/gift-certificates/?utm_source=gift_card&utm_medium=print&utm_campaign=gift_certificate&utm_content=qr","Track scans from a printed gift card that leads to the gift-certificate page.","ACTIVE","Printed gift card or certificate holder (QR from public/marketing/qr/gift-card.svg)."
